{"options":{"check_for_updates":true,"comment":null,"compatopts_for_requires":true,"compat_wrappedjsobject":false,"compat_metadata":false,"compat_foreach":false,"compat_powerful_this":null,"sandbox":null,"noframes":null,"unwrap":null,"run_at":null,"tab_types":null,"override":{"use_includes":[],"orig_includes":[],"merge_includes":true,"use_matches":[],"orig_matches":["https://*.sehuatang.net/*","https://*.sehuatang.org/*","https://*.30fjp.com/*","https://*.18stm.cn/*","https://*.jq2t4.com/*","https://*.xo6c5.com/search.php?*"],"merge_matches":true,"use_excludes":[],"orig_excludes":[],"merge_excludes":true,"use_connects":[],"orig_connects":[],"merge_connects":true,"use_blockers":[],"orig_run_at":"document-end","orig_noframes":null},"user_modified":null},"settings":{"enabled":true,"position":7},"meta":{"name":"98搜索增强","uuid":"e20ba659-7829-466d-b3ae-6f289e3eddf7","modified":1700445646240,"file_url":"https://sleazyfork.org/scripts/465663-98%E6%90%9C%E7%B4%A2%E5%A2%9E%E5%BC%BA/code/98%E6%90%9C%E7%B4%A2%E5%A2%9E%E5%BC%BA.user.js"}}