{"ts":1727771411625,"data":{"_98settings2":"o{\"ExcludedValues\": [\"资源出售\",\"求片问答\",\"内容隐藏\"],\"IncludedValues\": [],\"sehuatang_formhash\": \"23a5a8d0\",\"sehuatang_getTime\": 1716341492773,\"sehuatang_url\": \"https://www.sehuatang.org\"}","_98settings":"o{\"AutoScroll\": {\"Description\": \"自动翻页\",\"Enable\": true},\"Includes\": {\"Description\": \"只看关键词\",\"Keywords\": [\"综合讨论区\",\"高清中文字幕\"]},\"Excludes\": {\"Description\": \"排除关键词\",\"Keywords\": [\"资源出售\",\"求片问答\",\"内容隐藏\",\"搬运\",\"SHA1\"]},\"Banned\": {\"Description\": \"关键词黑名单，作用相当于排除关键词，但不会出现在搜索结果的可选框里\",\"Keywords\": []},\"SelectSearch\": {\"Description\": \"划词搜索\",\"Enable\": false},\"PreviewImage\": {\"Enable\": false,\"Width\": \"90vw\",\"Height\": \"50vh\"},\"ScaleImageByWheel\": {\"Description\": \"滑鼠标缩放\",\"Unit\": 0.3,\"Enable\": true},\"Highlight\": {\"Description\": \"高亮关键词\",\"Keywords\": \"明里\",\"Enable\": false}}","lifetime_pages":"n1"}}