{"options":{"check_for_updates":true,"user_modified":null,"comment":null,"compatopts_for_requires":true,"compat_wrappedjsobject":false,"compat_metadata":false,"compat_foreach":false,"compat_powerful_this":null,"sandbox":null,"noframes":null,"unwrap":null,"run_at":null,"tab_types":null,"override":{"use_includes":[],"orig_includes":["http://exhentai.org/g/*","http://e-hentai.org/g/*","http://g.e-hentai.org/g/*","http://r.e-hentai.org/g/*","http://exhentai55ld2wyap5juskbm67czulomrouspdacjamjeloj7ugjbsad.onion/g/*","https://exhentai.org/g/*","https://e-hentai.org/g/*","https://g.e-hentai.org/g/*","https://r.e-hentai.org/g/*"],"merge_includes":true,"use_matches":[],"orig_matches":[],"merge_matches":true,"use_excludes":[],"orig_excludes":[],"merge_excludes":true,"use_connects":[],"merge_connects":true,"use_blockers":[],"orig_run_at":"document-idle","orig_noframes":null,"orig_connects":["e-hentai.org","exhentai.org","exhentai55ld2wyap5juskbm67czulomrouspdacjamjeloj7ugjbsad.onion","hath.network","*"]}},"settings":{"enabled":true,"position":3},"meta":{"name":"E-Hentai Downloader","uuid":"a48cb143-be9f-4bfa-9b95-5544524b825a","modified":1724731634921,"file_url":"https://update.sleazyfork.org/scripts/10379/E-Hentai%20Downloader.user.js"}}