{"ts":1728711671591,"data":{"btsow_url":"sbtsow.beauty","btdig_url":"swww.btdig.com","nyaa_url":"ssukebei.nyaa.si","torrentkitty_url":"swww.torrentkitty.live","javOldDriver_version":"s3.8.3","www.javlibrary.com_saveMovieNum":"n129","mv_wanted_pageNum":"n0","mv_watched_pageNum":"n0","mv_owned_pageNum":"n0","www.javlibrary.com_stepOne_V3":"btrue","doNum":"n0","115_search_var":"sIPZZ-266|IPZZ266|IPZZ00266|IPZZ-0266","search_index":"sjavdb007.com","temp_img_url_IPX-515":"shttp://img.javstore.net/images/FHD_6M-IPX-515.mp4a480d.jpg","temp_img_url_IPX-471":"shttp://img.javstore.net/images/FHD_6M-IPX-471.mp4.jpg","temp_img_url_IPZ-296":"s","temp_img_url_IPZ-105":"s","temp_img_url_ABP-950":"shttps://img.javstore.net/images/2021/07/31/ENGSUB-FHD-ABP-950_s.jpg","temp_img_url_ABW-023":"shttps://img.javstore.net/images/2021/04/19/ABW-023_Uncen_s.jpg","temp_img_url_ABW-054":"shttps://img.javstore.net/images/2021/05/09/abw-054_Uncen_s.jpg","temp_img_url_ABW-096":"shttps://img.javstore.net/images/2021/05/27/FHD_6M-ABW-096_s.jpg","javdb_url":"sjavdb007.com","temp_img_url_DV-1238":"s","temp_img_url_\n\nHZGD-198 彼女が2泊3日の旅行で居ない間に既婚者の元カノと3日間ハメまくったイケナイ純愛記録 瀬名ひかり\n2021-09-2450":"s","temp_img_url_\n\nHZGD-193 失楽園性交―繰り返す密会、深まる愛…禁断不倫― 森沢かな\n2021-07-231031":"s","temp_img_url_\n\nOKSN-339 新発掘！ 二十歳の可愛い若妻 不倫に溺れ絶倫にハマる 絶倫チ●ポにヨガりまくりで旦那以外とのSEXに無我夢中ド淫乱に！\n2021-06-19861":"s","temp_img_url_        Your online informative source for Japanese uncensored adult videos; manage your video collection and share your thoughts. あなたのアダルトビデオ情報源！自分のビデオを管理し、評価を投稿しています。 你的線上日本無碼成人影片情報站。管理你的影片並分享你的想法。 https://avsox.monster https://avsox.com        ":"s","temp_img_url_IPX-832":"s","temp_img_url_IPX-833":"s","temp_img_url_ABW-220":"s","temp_img_url_FSDSS-391":"s","temp_img_url_IPX-484":"s","temp_img_url_CAWD-365":"s","temp_img_url_SDAM-014":"s","temp_img_url_SAME-001":"s","temp_img_url_IPX-889":"s","temp_img_url_SSIS-424":"s","temp_img_url_FSDSS-435":"s","scroll_status":"n1","javlib_url":"swww.javlibrary.com","javbus_url":"swww.javbus.com","avsox_url":"savsox.click","temp_img_url_ABW-265":"s","quark_search_var":"sIPZZ-266|IPZZ 266|IPZZ00266|IPZZ-0266","myBrowseJavidArray":"s[\"ABW-286\",\"MXGS-694\",\"TEK-097\",\"STARS-682\",\"MXGS-697\",\"HODV-20666\",\"MCSR-426\",\"IPZZ-003\",\"IPX-706\",\"STARS-804\",\"ABP-627\",\"MIDV-250\",\"SSIS-639\",\"MEYD-802\",\"URE-088\",\"ABW-244\",\"ABW-339\",\"SSIS-663\",\"FSDSS-609\",\"IPX-742\",\"IPZZ-046\",\"SSIS-698\",\"ABW-305\",\"SSNI-043\",\"IPVR-210\",\"IPZZ-054\",\"IPZZ-050\",\"IPX-372\",\"MIDV-400\",\"ABW-366\",\"SSIS-795\",\"SSIS-834\",\"SSIS-837\",\"MBRBA-100\",\"SSIS-642\",\"SSIS-615\",\"JUQ-426\",\"NKKD-298\",\"VENX-233\",\"TIKB-171\",\"STARS-238\",\"ipzz-240\",\"stars-979\",\"STARS-979\",\"kire-086\",\"KIRE-086\",\"CAWD-404\",\"MKBD-S03\",\"MKBD-S03 KIRARI 03\",\"SDDE-362\",\"JUQ-568\",\"ABF-087\",\"IPZ-264\",\"START-046\",\"start-046\",\"IPTD-558\",\"RKI-225\",\"SONE-178\",\"IPZZ-266\"]","temp_img_url_ABP-627":"s","temp_img_url_URE-088":"s","temp_img_url_SSNI-043":"s","temp_img_url_IPVR-210":"s","temp_img_url_IPX-372":"s","temp_img_url_SSIS-837":"s","temp_img_url_MBRBA-100":"s","temp_img_url_SSIS-615":"s","temp_img_url_JUQ-426":"s","temp_img_url_SDDE-362":"s","temp_img_url_JUQ-568":"s","temp_img_url_ABF-087":"s","temp_img_url_START-046":"s","temp_img_url_start-046":"s","temp_img_url_IPTD-558":"s","temp_img_url_RKI-225":"s"}}