{"options":{"check_for_updates":true,"comment":null,"compatopts_for_requires":true,"compat_wrappedjsobject":true,"compat_metadata":false,"compat_foreach":false,"compat_powerful_this":null,"sandbox":null,"noframes":null,"unwrap":null,"run_at":null,"tab_types":null,"override":{"use_includes":[],"orig_includes":["*://*javlibrary.com/*","*://*javlib.com/*","*://*.y62x.com/*","*://*javbus.com/*","*://www.*bus*/*","*://www.*javsee*/*","*://www.*seejav*/*","*://*onejav.com/*","*://*avsox.*/*","*://*jav321.com/video/*","*://*javdb*.com/*","*://*javstore.*/*","*://*avmoo.*/*","://tellme.pw/avmoo","*://115.com/*","*://*.quark.cn/list*","*://www.*dmm*/*"],"merge_includes":true,"use_matches":[],"orig_matches":[],"merge_matches":true,"use_excludes":["/^[^:/#?]*:\\/\\/([^#?/]*\\.)?www\\.javlibrary\\.com(:[0-9]{1,5})?\\/.*$/"],"orig_excludes":[],"merge_excludes":true,"use_connects":["115.com","javstore.net","blogjav.net","btsow.cam","btsow.one","*"],"merge_connects":true,"use_blockers":[],"orig_run_at":"document-idle","orig_noframes":null,"orig_connects":["*"]},"user_modified":null},"settings":{"enabled":true,"position":2},"meta":{"name":"JAV老司机","uuid":"1667b956-90ec-43c5-b6d9-31f527926425","modified":1675300582947,"file_url":"https://github.com/hobbyfang/javOldDriver/raw/master/JavOldDriver.user.js"}}