{"options":{"check_for_updates":true,"comment":null,"compatopts_for_requires":true,"compat_wrappedjsobject":false,"compat_metadata":false,"compat_foreach":false,"compat_prototypes":false,"compat_powerful_this":null,"noframes":null,"unwrap":null,"run_at":null,"tab_types":null,"override":{"use_includes":[],"orig_includes":[],"merge_includes":true,"use_matches":[],"orig_matches":["https://*.manhuagui.com/comic/*","https://*.mhgui.com/comic/*","http://*.omanhua.com/comic/*","http://*.omanhua.net/comic/*"],"merge_matches":true,"use_excludes":[],"orig_excludes":[],"merge_excludes":true,"use_connects":[],"orig_connects":["dx.yogajx.com","i.yogajx.com","p.yogajx.com","i.hamreus.com","dx.hamreus.com","p.szhkshop.com","pic.fxdm.cc","us.hamreus.com","static.7jfb.cn","eu.hamreus.com","*"],"merge_connects":true,"use_blockers":[],"orig_run_at":"document-end","orig_noframes":null},"user_modified":null},"settings":{"enabled":true,"position":4},"meta":{"name":"mhgui & omanhua Downloader 仙尊 漫画柜、哦漫画 下载器","uuid":"5798ce5c-3963-47b8-ad91-d76adc12c7a8","modified":1651113282546,"file_url":"https://greasyfork.org/scripts/28410-mhgui-omanhua-downloader-%E4%BB%99%E5%B0%8A-%E6%BC%AB%E7%94%BB%E6%9F%9C-%E5%93%A6%E6%BC%AB%E7%94%BB-%E4%B8%8B%E8%BD%BD%E5%99%A8/code/mhgui%20%20omanhua%20Downloader%20%E4%BB%99%E5%B0%8A%20%E6%BC%AB%E7%94%BB%E6%9F%9C%E3%80%81%E5%93%A6%E6%BC%AB%E7%94%BB%20%E4%B8%8B%E8%BD%BD%E5%99%A8.user.js"}}