{"options":{"check_for_updates":true,"user_modified":null,"comment":null,"compatopts_for_requires":true,"compat_wrappedjsobject":false,"compat_metadata":false,"compat_foreach":false,"compat_powerful_this":null,"sandbox":null,"noframes":null,"unwrap":null,"run_at":null,"tab_types":null,"override":{"use_includes":[],"orig_includes":[],"merge_includes":true,"use_matches":[],"orig_matches":["https://*.book118.com/*","https://*.renrendoc.com/*","https://*.docin.com/*","https://*.doc88.com/*","https://doc.mbalib.com/*","https://*.deliwenku.com/*","https://*.jinchutou.com/*","https://*.152files.goldhoe.com/*","https://*.mayiwenku.com/*","https://*.dugen.com/*","https://*.7cxk.com/*","https://ishare.iask.com/*","https://swf.iask.com/*","https://*.down.sina.com.cn/*","https://wenku.baidu.com/*","https://wkbjcloudbos.bdimg.com/*","https://wkretype.bdimg.com/*","https://*.chochina.com/*","https://*.weizhuannet.com/*","https://www.taodocs.com/*","https://wenku.so.com/*","https://*.360tres.com/*","https://www.wenkub.com/*","http://c.gb688.cn/*","https://jjg.spc.org.cn/resmea/view/stdonline","https://pro-img-brtm.baijiayun.com/*","https://hbba.sacinfo.org.cn/attachment/onlineRead/*","https://www.qzoffice.com/*","http://www.nrsis.org.cn/mnr_kfs/file/read/*","https://*.feishu.cn/space/*","http://www.jtysbz.cn:8009/pdf/viewer/*","https://www.nssi.org.cn/cssn/js/pdfjs/web/preview.jsp*","https://online.71nc.cn/*","http://114.251.111.103:18080/kfs/file/read/*","https://bulletin.cebpubservice.com/resource/ceb/js/pdfjs-dist/web/viewer.html*","http://121.36.94.83:9008/jsp/yishenqing/appladd/biaozhunfile/flash/previewImg.jsp*","http://rbtest.cnca.cn/cnca_kfs/file/read/*","https://weboffice.qq.com/pdf/*"],"merge_matches":true,"use_excludes":[],"orig_excludes":[],"merge_excludes":true,"use_connects":[],"orig_connects":[],"merge_connects":true,"use_blockers":[],"orig_run_at":"document-idle","orig_noframes":null}},"settings":{"enabled":true,"position":12},"meta":{"name":"【最强无套路脚本】你能看见多少我能下载多少&下载公开免费的PPT、PDF、DOC、TXT等文件","uuid":"4750957a-9c88-4be4-b7f6-998f23341c19","modified":1728611840044,"file_url":"https://update.greasyfork.org/scripts/486211/%E3%80%90%E6%9C%80%E5%BC%BA%E6%97%A0%E5%A5%97%E8%B7%AF%E8%84%9A%E6%9C%AC%E3%80%91%E4%BD%A0%E8%83%BD%E7%9C%8B%E8%A7%81%E5%A4%9A%E5%B0%91%E6%88%91%E8%83%BD%E4%B8%8B%E8%BD%BD%E5%A4%9A%E5%B0%91%E4%B8%8B%E8%BD%BD%E5%85%AC%E5%BC%80%E5%85%8D%E8%B4%B9%E7%9A%84PPT%E3%80%81PDF%E3%80%81DOC%E3%80%81TXT%E7%AD%89%E6%96%87%E4%BB%B6.user.js"}}