{"options":{"check_for_updates":true,"user_modified":null,"comment":null,"compatopts_for_requires":true,"compat_wrappedjsobject":false,"compat_metadata":false,"compat_foreach":false,"compat_powerful_this":null,"sandbox":null,"noframes":null,"unwrap":null,"run_at":null,"tab_types":null,"override":{"use_includes":[],"orig_includes":[],"merge_includes":true,"use_matches":[],"orig_matches":["*://*/*"],"merge_matches":true,"use_excludes":[],"orig_excludes":["*.youtube.com*","*docs.google.com*","*google*/maps/*","*mail.google.com*","*accounts.google.com*"],"merge_excludes":true,"use_connects":["nhentai.net"],"orig_connects":["*"],"merge_connects":true,"use_blockers":[],"orig_run_at":"document-idle","orig_noframes":true}},"settings":{"enabled":true,"position":9},"meta":{"name":"圖片全載-FancyboxV5","uuid":"e01fdaed-ef71-4c36-9cfb-47c558160b5a","modified":1728871933479,"file_url":"https://update.sleazyfork.org/scripts/463305/%E5%9C%96%E7%89%87%E5%85%A8%E8%BC%89-FancyboxV5.user.js"}}