{"options":{"check_for_updates":true,"comment":null,"compat_foreach":false,"compat_metadata":false,"compat_powerful_this":null,"compat_wrappedjsobject":false,"compatopts_for_requires":true,"noframes":null,"override":{"merge_connects":true,"merge_excludes":true,"merge_includes":true,"merge_matches":true,"orig_connects":[],"orig_excludes":[],"orig_includes":[],"orig_matches":["https://*.sehuatang.net/*","https://*.sehuatang.org/*","https://*.30fjp.com/*","https://*.18stm.cn/*","https://*.jq2t4.com/*","https://*.xo6c5.com/search.php?*"],"orig_noframes":null,"orig_run_at":"document-end","use_blockers":[],"use_connects":[],"use_excludes":[],"use_includes":[],"use_matches":[]},"run_at":null,"sandbox":null,"tab_types":null,"unwrap":null,"user_modified":null},"settings":{"enabled":true,"position":19},"meta":{"name":"98搜索增强","uuid":"002ebcf1-eb41-4410-a557-185e8ea9dd1b","modified":1715226916581,"file_url":"https://update.sleazyfork.org/scripts/465663/98%E6%90%9C%E7%B4%A2%E5%A2%9E%E5%BC%BA.user.js"}}