{"options":{"check_for_updates":true,"comment":null,"compat_foreach":false,"compat_metadata":false,"compat_powerful_this":null,"compat_prototypes":false,"compat_wrappedjsobject":false,"compatopts_for_requires":true,"noframes":null,"override":{"merge_connects":true,"merge_excludes":true,"merge_includes":false,"merge_matches":true,"orig_connects":[],"orig_excludes":[],"orig_includes":["http://*","https://*"],"orig_matches":[],"orig_noframes":null,"orig_run_at":"document-idle","use_blockers":[],"use_connects":[],"use_excludes":[],"use_includes":["http*://t66y.com/*","http*://www.t66y.com/*"],"use_matches":[]},"run_at":null,"tab_types":null,"user_modified":null},"settings":{"enabled":true,"position":2},"meta":{"name":"CL1024改进版","uuid":"e46a6943-03b0-4d38-8d51-968fc1772511","modified":1620440592948,"file_url":"https://sleazyfork.org/scripts/11397-cl1024%E6%94%B9%E8%BF%9B%E7%89%88/code/CL1024%E6%94%B9%E8%BF%9B%E7%89%88.user.js"}}