{"options":{"check_for_updates":true,"comment":null,"compat_foreach":false,"compat_metadata":false,"compat_powerful_this":null,"compat_wrappedjsobject":false,"compatopts_for_requires":true,"noframes":null,"override":{"merge_connects":true,"merge_excludes":true,"merge_includes":true,"merge_matches":true,"orig_connects":["e-hentai.org","exhentai.org","exhentai55ld2wyap5juskbm67czulomrouspdacjamjeloj7ugjbsad.onion","hath.network","*"],"orig_excludes":[],"orig_includes":["http://exhentai.org/g/*","http://e-hentai.org/g/*","http://g.e-hentai.org/g/*","http://r.e-hentai.org/g/*","http://exhentai55ld2wyap5juskbm67czulomrouspdacjamjeloj7ugjbsad.onion/g/*","https://exhentai.org/g/*","https://e-hentai.org/g/*","https://g.e-hentai.org/g/*","https://r.e-hentai.org/g/*"],"orig_matches":[],"orig_noframes":null,"orig_run_at":"document-idle","use_blockers":[],"use_connects":["*"],"use_excludes":[],"use_includes":[],"use_matches":[]},"run_at":null,"sandbox":null,"tab_types":null,"unwrap":null,"user_modified":null},"settings":{"enabled":true,"position":6},"meta":{"name":"E-Hentai Downloader","uuid":"5deb95e8-1ecf-44d5-80af-3417ba3a534d","modified":1724728188102,"file_url":"https://update.sleazyfork.org/scripts/10379/E-Hentai%20Downloader.user.js"}}