{"options":{"check_for_updates":true,"comment":null,"compat_foreach":false,"compat_metadata":false,"compat_powerful_this":null,"compat_wrappedjsobject":false,"compatopts_for_requires":true,"noframes":null,"override":{"merge_connects":true,"merge_excludes":true,"merge_includes":true,"merge_matches":true,"orig_connects":[],"orig_excludes":["http*://www.google.com/recaptcha/*","https://www.startpage.com/*/ads?*","https://www.startpage.com/*/*/ads*","https://us-browse.startpage.com/av/proxy?*"],"orig_includes":["http*://www.google.*/*","http*://www.google.co*.*/*","http*://news.google.*/*","http*://encrypted.google.*/*","http*://startpage.com/*","http*://*.startpage.com/*","http*://duckduckgo.com/*","http*://start.duckduckgo.com/*","http*://safe.duckduckgo.com/*","http*://3g2upl4pq6kufc4m.onion/*","http*://www.bing.com/*","http*://*search.yahoo.com/*","http*://search.yahoo.co.jp/*","http*://www.yandex.com/*","http*://yandex.com/*","http*://searx.*/*","http*://www.qwant.com/*","http*://www.qwantjunior.com/*","http*://www.baidu.com/*","https://www.ecosia.org/search*"],"orig_matches":[],"orig_noframes":null,"orig_run_at":"document-idle","use_blockers":[],"use_connects":[],"use_excludes":[],"use_includes":[],"use_matches":[]},"run_at":null,"sandbox":null,"tab_types":null,"unwrap":null,"user_modified":null},"settings":{"enabled":true,"position":8},"meta":{"name":"Google Hit Hider by Domain (Search Filter / Block Sites)","uuid":"4343af8e-9642-420c-b85e-d471a2378056","modified":1725245532580,"file_url":"https://update.greasyfork.org/scripts/1682/Google%20Hit%20Hider%20by%20Domain%20%28Search%20Filter%20%20Block%20Sites%29.user.js"}}