{"ts":1714958285449,"data":{"ghhprefs":"s{\"shownotc\":[\"Y\",\"Show hit notices(Y|N)\"],\"mngpaneopen\":[\"Y-N\",\"Persistence enabled(Y|N),Pane was open(Y|N),Last tab number(1-4)\"],\"mngbtnstyle\":[\"both-ifrN-R-P-Y-H\",\"Display Manage Hiding button and Block buttons(mng|blk|both),In iframes(ifrN|ifrY),Position(R,T,B),Block button display(P,M),Block button tooltips(Y|N), Block button position(H|C)\"],\"addtolistpos\":[\"end\",\"Where to add new hits to block lists(end|top|sort)\"],\"aggressiveblock\":[\"none\",\"Which domains to default to shorter form(none|all|www)\"],\"usemutation\":[\"on-Y\",\"Listen for mutation events(on|off),Use DOM4 Mutation Observer(Y|N)\"],\"oneclick\":[\"N-N\",\"One-click blocking(Y|N),Goes to Perma-ban(Y|N)\"],\"runbeta\":[\"N\",\"Enable incompletely tested features (Y|N)\"],\"reserved2\":[\"X\",\"Y\"]}","hideyback":"s|example.com:t|:t|","hideyhosts":"s|005i.com:t|01-123.com:t|01-800.cn:t|024ksm.com:t|025pc.cn:t|029jiakang.com:t|054wan.com:t|0551.us:t|069.net:t|079.254560.top:t|086wl.com:t|0937673.info:t|100860.com:t|103.hk:t|10615.com.cn:t|1141.net:t|114saige.com:t|123.125.114.18:t|1233win.com:t|125135.com:t|14oo.cc:t|151.com.tw:t|15300.cn:t|1587555.com:t|15meili.com:t|163081.com:t|1666yl.com:t|16885518.com:t|173-fc.com:t|17xuexi.org:t|187801.com:t|19kaifu.com:t|1pyy.com:t|20122011.org:t|2996299.com:t|2a2d75.dcmir4f.com:t|30333.loan:t|32xyj.pw:t|360adsolutions.com:t|360du.net.cn:t|392623.com:t|3jwz.com:t|3li.cc:t|3ssq8z.bmspzs.pw:t|3v4.net:t|400839.com:t|4382.loan:t|4659866.com:t|4743.loan:t|4blc.com:t|4r8.nfjhn.com:t|520bdy.com:t|5467.com:t|55118885.com:t|567516.com:t|56weiyu.com:t|57c69d.bb6zz.com:t|57zhuan.cn:t|58pan.cn:t|59177.net:t|5azy.com:t|5eso.com:t|5pk.ah.2j0.iyu.y7.l99.m.7d6y.com:t|611fu.com:t|666so.cn:t|68suan.com:t|68xi.com:t|710dnuv.com:t|732722.com:t|75q.net:t|75yy.com:t|77tui.cn:t|793985.com:t|7dianying.com:t|7gt80.com:t|818497.39164.com:t|842504.com:t|850310.com:t|8558.me:t|8671555.com:t|87nmg.com:t|8801w.com:t|8923.download:t|8lk.com:t|8sou.net:t|901209.com:t|91096762.k201.opensrs.cn:t|9154555.com:t|91xfb.com:t|9672800.win:t|98248.loan:t|993113.cn:t|999kaopu.com:t|99mingpian.com:t|9wxs.com:t|9yyu.com:t|abks.hfges.top:t|aeo.com.cn:t|aew-sdn.com:t|aimees.cn:t|airsatddt.com:t|alia.xlhad.top:t|alisousou.com:t|aliziarealestate.com:t|almtlakes.org:t|anderson-machineries.com:t|angiefans.com:t|antarcticshop.com:t|anysafer.com:t|aosae.com:t|aptvgo.com:t|ask.todgo.com:t|asp.cx:t|asspunk.iteye.com:t|atwhcb.com:t|baba100.com:t|baidu.com.024women.com:t|baidu.com.27f8d94bd0b249a6a9168b1e26efbee7.kaweiso.com:t|baidu.com.s.2fjc5sedmhi5enihkmsurq7smzl5kzvwx2aehaa8ollo7miojqwlkkzobt0w2.e6b885e5bfae899d.zhulhua.com.cn:t|baidu.com.se:t|baidu.com.txzer.com:t|baidu.fileso.com:t|baidu.mx:t|baidu.seo-taiwan.com:t|baiduer.com.cn:t|baiduwangpan.cn:t|bainei.com:t|baishengyl82.date:t|barcode-label.com.cn:t|basoso.com:t|bbbabc.cc:t|bbs.pcbeta.ex1.ipv6.xjklmy.com:t|bcajw.com:t|bdw365.com:t|becreativeblog.com:t|bellevuewatourism.com:t|bg8399.com:t|big-tits-and-round-asses.com:t|bigdatabuy.com:t|bigeunion.com:t|bjhongxiangyuyu.com:t|bjqcjh.com:t|blog.jiecaoba.cn:t|bmlu.com.cn:t|boadt8.co:t|boboad.com:t|bocaipingji.26my.com:t|bolangwan.com:t|boschgl.com:t|buylun.com:t|bvjpsb.net:t|bzwyl.com:t|ca88-com.net:t|cadfanholidays.co.uk:t|caijing114.com:t|cameron-a-reviews.com:t|cbbxk.com:t|chagzh.com:t|chaojiss.com:t|chaoyue.link:t|check4herpes.com:t|chengzi1058.com:t|china-jianzhu.com:t|china-nzgys.com:t|chinadmd.com:t|chinapentapur.com:t|chromes.cn:t|ciawe.com:t|city1.cn:t|cjsoso.com:t|ckshishang.com:t|classicalguitarandbeyond.com:t|codycn.com:t|com.sinoextruder.net.cn:t|could2.com:t|coutinhoadvogados.com:t|cqsscai3188.com:t|cqxhfgz.com:t|cy-hl.com:t|czmuhe.com:t|daidaigou.org:t|dainifei.info:t|damingweb.com:t|daxuesou.com:t|ddoca.com:t|dglangan.com:t|dgso.cn:t|dgth88.com:t|dgweiliangboli.com:t|diaochezulingongsi.com:t|diaosizhainan.com:t|dingfu68.com:t|donglian640.com:t|dongnanshan.com:t|doo.me:t|dpwatch8.com:t|duanzh.com:t|duanzhihu.com:t|duonao.cc:t|dxxc.com:t|dy1991.com:t|dyzdy.cn:t|eayzer.com:t|ed2ks.com:t|edwardianjewellery.com:t|ekyah.link:t|enchantedauction.com:t|eooele.com:t|eqisou.net:t|erdie826.com:t|eshidai.com:t|exthe247.com:t|fafa42.bb6zz.com:t|faithfilledapparel.com:t|fastso.cn:t|fbws.razot.top:t|fenglangty.com:t|ffbc57.d071.com:t|fhkyg.cricket:t|findapk.cn:t|findeen.com:t|fiscusseamlessguttering.com:t|fjyy.ncznx.top:t|fnk.seqe.org.cn:t|free-lunwen.com:t|friga.de:t|fsyingxin.com:t|furniturelowe.com:t|fzjk.kxhsm.top:t|gaaf.klvgb.loan:t|gaiwen.com:t|gametalk.site:t|gaojiq.cn:t|gd12121.com:t|geiso.cn:t|getool.com:t|gfsoso.zj005.com:t|gfsousou.cn:t|gfsstp.com:t|ggc-asia.com:t|gkgjws.com:t|glassessalecp.com:t|gogonews.cc:t|googqi.com:t|gouo.cn:t|gufen138.com:t|guilinshouji.com:t|guiyangjia.com:t|gxy995.com:t|gz-has.com:t|gzdxdjk.com:t|haier188.us:t|hang365.com:t|hangyexia.com:t|hao123.0554.us:t|hao136.com:t|hao8.net:t|haorizs.com:t|haoxp123.com:t|haoyiwuliu.com:t|hblp.cn:t|hbzfgs.com:t|hcoj.uonwt.download:t|hd800.net:t|hdnkm.com:t|hedo188.com:t|henankuai328.bid:t|hgfzf.cn:t|hgmfy.cn:t|hicaopan.com:t|highdesertboutiquevendors.com:t|hitalk.site:t|hjtoysco.cn:t|hk.kuaiso.com:t|hmgzj.cn:t|honghuahui.app:t|hongsheng1998.com:t|hoosoo.cc:t|howsou.com:t|hq396.com:t|hssjw.cn:t|htdzzk.com.cn:t|huanqiao406.com:t|huo123.cc:t|hxfldsz.com:t|hyyl186.com:t|hz-xin.com:t|hzreader.com:t|i3baby.com:t|iaac.com.cn:t|icanopen.com:t|icb2011.com:t|ikue.info:t|image.haosou.com:t|insideabritishmumskitchen.com:t|iuham.com:t|izlax.cn:t|jalsys.com:t|jayunqi.com:t|jiajvhuishou.com:t|jimengli.com:t|jingzhunqy.com:t|jinhua888.cn:t|jiuto.cn:t|jiuwei.kuaiso.com:t|jjj.gra-bnoqp.mianfeiwenku.com:t|jk.zhihu.la:t|jlytgs.com:t|jms88bwq.com:t|jollyny.com:t|jordanoliveira.com:t|jsgaoxin.com:t|jshyjj.com:t|jslzx.com:t|jsso.cc:t|jusoso.com:t|jzhyfrp.com:t|kafan.cn:t|kaitianqi.com:t|kaoyu.org:t|kathymorganvoice.com:t|kbck.tzrui.top:t|kerrismn.com:t|kknews.cc:t|kkth.xj.cn:t|ksxianglu.com:t|kuaidichaxun.com.cn:t|kuaisan9588.cc:t|kuaiso.hk:t|kubh.lkcpz.download:t|kxwo.com:t|lcjkgc.cn:t|lfkz.ucvst.top:t|lighteningtikes.com:t|linksure.cn:t|linqq.net:t|live1234.com.cn:t|lkjfglass.com:t|lkmheatlock.com:t|llzdhb.com:t|lomoo.com:t|lotterychina.cn:t|lubianfeng.com:t|luntan88.com:t|luton-china.com:t|luxury-condos-miami.com:t|lvse.com:t|lxway.com:t|ly-sz1y.com:t|lzf2012.usa10.sethost.cn:t|m7v.org:t|mdlpg.com:t|mdlps.com:t|mdlpt.com:t|meirongbala.com:t|meixiaqu.com:t|mensconsignment.com:t|middermacon18.com:t|minimidimaxidress.com:t|mittagongmultimedia.com:t|mobilephoneslive.com:t|moktime.com:t|mosuo.com.cn:t|mosuo.net:t|mt-v.com:t|mthmq.com:t|mtsdb.com:t|mtsou.com:t|mtzdyyey.com:t|mushihua.org:t|mx185.com:t|mxgroup.ru:t|nenjiaren.com:t|newcastle.net.cn:t|news.yszx2a.com:t|nexteer.cc:t|nimasou.me:t|nmhjw.cn:t|nong.09086.cn:t|nongyetai.com:t|ntustsg.com:t|nxtoten.com:t|o2onlyone.net:t|offblastsoftworks.com:t|ohoneyjade.com:t|oikm.net:t|okzixun.net:t|ooxy.esgpm.top:t|ose.cc:t|ost-us.com:t|otrjobmatch.com:t|ouiot.com:t|ouyiyule8.com:t|padiran-restaurant.com:t|palicaishi.com:t|pan.haoii123.com:t|pan.yini.me:t|peiyige.com:t|pexim.vn:t|photoplayhouse.com:t|pigfun.cn:t|pitalitobicentenario.com:t|platinumpro-online.com:t|pledz.cn:t|q2xaea.aqzlmy.pw:t|q5j.org:t|qcuao.top:t|qianzhaopeng.com:t|qiongbaba.net:t|qiongwengc.cn:t|qiuzhi5.com:t|qqcaipu.com:t|qqshouyou.com:t|qqzhix.com:t|qslcg.com:t|qslcz.com:t|quanbuso.com:t|qubaidu.cn:t|qubian.cn:t|quweiso.com:t|qyqstore.com:t|rcxtw.cn:t|re2n9p.fmtywj.pw:t|read01.com:t|reallifetucson.com:t|relcare.com.cn:t|renniboix.loan:t|rjqyl.com:t|rkgpc.date:t|rockero.com.py:t|rtmj.net:t|ry8zx.com:t|rzki.gibmk.download:t|sadyr.party:t|sanwenba.com:t|saojiejie.023mp.net:t|saopaulocalling.org:t|saryagash-tour.com:t|sdbeta_com.sx11xuan561.review:t|sdcnjt.com:t|sdlhw.com.cn:t|sdrb.net:t|sdss.cn:t|sdwanbo.com:t|search.discuz.qq.com:t|shatangju.net:t|shcg.cn:t|shen-zhan.com:t|shengyijixie.com:t|shiai4444.com:t|shkxsy.cn:t|shuangsan.cn:t|shzewang.com:t|sitevalue.net:t|sj.itdqs.com:t|sj55.org:t|sk2.net:t|skyline-pallc.com:t|sl800.cn:t|smallbizdiary.com:t|smtp.ns2.mywindowsolution.com:t|snplw.cn:t|so.100lw.com:t|so.365vsh.com:t|so.520meiyuan.com:t|so.7coder.com:t|so.81282.com:t|so.812dj.com:t|so.alc360.com:t|so.anggang.com:t|so.ciliba.com:t|so.cokcn.cn:t|so.cyweb.cn:t|so.dedeadmin.com:t|so.edczg.cn:t|so.gnsoso.com:t|so.haowen.org:t|so.lcxzs.cn:t|so.lkeshangpc.cn:t|so.nalc.com.cn:t|so.nshidai.net:t|so.sanlou.net:t|so.shenbojiawangbs.com:t|so.ttywx.com:t|so.tz365.cn:t|so.v3v4.com:t|so.vineken.com:t|so.vjiangyin.net:t|so.xiaohuihui.net:t|so.xn--vhq2kx24m.com:t|so.xy123.cc:t|so.yunfei89.com:t|so.zanhuangwang.com:t|so.znqnet.com:t|soba123.com:t|sokutu.com:t|somjj.com:t|sotop.org:t|sou-deng.com:t|sou.linmingyao.cn:t|sou.sfe8.com:t|soudiy.com:t|soumoye.com:t|souzhuang.cn:t|speed.m.baidu.com:t|standfordiabetes.com:t|sugarfree-photo.com:t|sundaeshoes.com:t|supermobileqa.com:t|svwlx.cn:t|szredsafe.com:t|tanghtine.com:t|taozx.cn:t|tapatalk.com:t|taptapdashonline.com:t|tarinaka.com:t|techwrestler.com:t|telanganatopnews.com:t|tenjiao.net:t|tg9.com:t|thaigraphicdesign.com:t|thegentlemensboxinggym.com:t|themortgagebeyondnetwork.com:t|tianman602.com:t|tihaofree.com:t|tjqncj.com:t|tmjd.27mai.com:t|tomatoesweb.com:t|toms2013.com:t|tongso.com:t|tool.jqhnt.com.cn:t|tpiorg.com:t|tpofy.com:t|tpst.com.cn:t|trendsshop.cn:t|tsns.xyz:t|tttiii.cc:t|uomgb.com:t|uqseo.com:t|valuesfootprint.com:t|vcaaz.com:t|verycd9.com:t|vfbp.vqyew.loan:t|vhnaea8.com:t|vickarsgroup.com:t|visionaras.com:t|vpsmm.com:t|w-yue.com:t|walkthetalkblog.com:t|wallpaper-photos.com:t|wanzi163.com:t|wd.haosou.com:t|web.mybnb.tw:t|weiaizu.com:t|weibaoju.com:t|weivb.com:t|weixingon.com:t|wenku1.com:t|wenshanok.com:t|wenshuw.com:t|westsectionclub.com:t|whitneytembelis.com:t|wienfm.com:t|wikioi.com:t|wodekuandai.com:t|woso.cn:t|wpwfg.cn:t|wuji8.com:t|wwtw.yeane.top:t|www-54197.com:t|www.10241314.com:t|www.128ic.com:t|www.1515u.com:t|www.17dotaba.com:t|www.1mpi.com:t|www.26531.loan:t|www.5730.net:t|www.81819.download:t|www.aaiv.net:t|www.acehfoto.com:t|www.allweblink.com:t|www.baidu.com.swd1rsv_spt1rsv_iqid.1234on.com:t|www.biabu.com.cn:t|www.bntuan.com:t|www.cdbao.ex5.ipv6.xjklmy.com:t|www.chineseinla.com:t|www.dflag.pw:t|www.dgbx888.com:t|www.doczj.com:t|www.efwm.qswrj.download:t|www.esame.cn:t|www.fags.vdeaj.top:t|www.fatie.me:t|www.feihongxuexiao.com:t|www.feqn.top:t|www.findeen.co.uk:t|www.free699.com:t|www.haoqu.org:t|www.help315.com.cn:t|www.hnsmpf.com:t|www.ijinfa.cn:t|www.intowuzhen.com:t|www.iyangzhi.com:t|www.jbsmzx.com:t|www.jinbei.com:t|www.jixiangfang.ws:t|www.jonf.info:t|www.lightfly.com.cn:t|www.liwuxian.com:t|www.ljkqj.loan:t|www.lxway.net:t|www.mai520.cn:t|www.mianfeiwendang.com:t|www.ncgtw.com:t|www.niubb.net:t|www.notwiki.cn:t|www.pcok100.com:t|www.pjmrw.cn:t|www.pjszy.com:t|www.psgy.qqabf.download:t|www.pzft.xekjn.top:t|www.qiandaohutrip.cn:t|www.qioa.pw:t|www.shdisheng.cn:t|www.shenso.wang:t|www.shve.org:t|www.sjzdsy.com:t|www.slavadesigns.com:t|www.sodocs.net:t|www.sulianqi.cn:t|www.tceic.com:t|www.teentube18.org:t|www.uberalift.com:t|www.usechinavpn.com:t|www.usku.xawqr.accountant:t|www.v6lr.adnfn.link:t|www.vnlr.tduaz.top:t|www.ways2u.com:t|www.weimeiba.com:t|www.wyel.okqqz.top:t|www.wywqw.net:t|www.xinguge.cn:t|www.xjguke.com.cn:t|www.xlfz.ybswv.top:t|www.xuie.pw:t|www.yxjcfjzz.com:t|www.zeqa.mygqi.top:t|www.zhenhesaun.com:t|www.zhihu.la:t|www.zodiacthefest.com:t|www3.udpdu.com:t|wznk.net:t|xablgt.cn:t|xalssy.com.cn:t|xaylqh.com:t|xayyzsgc.com:t|xdrn.net:t|xiaohui482.com:t|xiaosou.cc:t|xieetuuy.com:t|xilr.uwudk.top:t|xima.org:t|xinfuq.cn:t|xjdpg.cn:t|xjlmst.com:t|xmtx88.com:t|xs.zhihu.la:t|xuyich.com:t|xzhetdq.com:t|yanapozarin.com:t|yataitextile.com:t|ybkhw.cn:t|ycluomen.com:t|ydxyw.cn:t|yeeed.com:t|yfytw.com:t|yibinyd.com:t|yidiansousuo.com:t|yingyuwen.com:t|yinweiaihuoguo.com:t|yinxiu266.com:t|yiper.cn:t|yjebh.com:t|yjhxw.cn:t|yjsou.cn:t|ymeid.com:t|yngymy.com:t|yogacorepower.com:t|yon.hk:t|yougaowang.com:t|yqkk.ynzmb.loan:t|yqso.cn:t|ysou.pw:t|yteh.xpwqq.download:t|ytswx.com:t|ywzvx.top:t|yysit.com:t|zbzhanheng.com:t|zcndt.cn:t|ze3.234665.top:t|zftmw.com:t|zggqyl.com:t|zgscxly.com:t|zhajun.com:t|zhanso.cn:t|zhaozhuji.com:t|zhihujingxuan.com:t|zhizhusou.com:t|zhongguogongyi.com:t|zhongrunzx.com:t|zipperjob.cn:t|zircondentalcraft.com:t|zjlianteng.com:t|zpcsg.cn:t|zrzwpa.com:t|zuiyese.com:t|zvazx.link:t|zx001.com.cn:t|zxbx.awejp.top:t|zyldjd.com:t|zz759.com:t|zzhesheng.com:t|zzjwcf.com:t|dqzdhw.com:t|wangshuai.net:t|yw168.cn:t|obnseo.com:t|mtgrupovega.com:t|bongnao.cn:t|beqve.cn:t|kabaresta.com:t|wntzx.cn:t|my-olli.com:t|voorp.com:t|abadisurvey.com:t|lvv2.com:t|xinhexinli.com:t|puataiwan.com:t|oneho.cn:t|lanzhouyangsheng.com:t|4910.com:t|fydqw.com:t|tujour.com:t|weixineda.com:t|dc120.com.cn:t|591522.com:t|qu02.com:t|sh-jieao.com:t|51ttxue.com:t|trust1688.com:t|hotbak.net:t|tizuh.cn:t|lyy57.cn:t|gbfgg.cn:t|a372.cn:t|23scg.cn:t|l3x3.cn:t|38953h.cn:t|807z8.cn:t|5k33i.cn:t|507q96.cn:t|hgqbq.cn:t|k3m8dr.cn:t|6ke89.cn:t|wjxwlr.cn:t|me348i.cn:t|ysboss.cn:t|video12996-gov.top:t|u158q5.cn:t|kk159p.cn:t|video8496-gov.top:t|video16106-gov.top:t|video14626-gov.top:t|video14536-gov.top:t|video12366-gov.top:t|video6556-gov.top:t|video12326-gov.top:t|video18786-gov.top:t|video16086-gov.top:t|video10216-gov.top:t|4c94.cn:t|seedsbuddy.com:t|amzalborz.com:t|mrslevin.com:t|nbyoho.com:t|oliobonamini.com:t|grinstreet.ru:t|zhipanyou.com:t|bdqxgw.com:t|252yy.net:t|zhipanyou.com:t|pinxia.cc:t|stackoom.com:t|"}}