{"options":{"check_for_updates":true,"comment":null,"compat_foreach":false,"compat_metadata":false,"compat_powerful_this":null,"compat_wrappedjsobject":true,"compatopts_for_requires":true,"noframes":null,"override":{"merge_connects":true,"merge_excludes":true,"merge_includes":true,"merge_matches":true,"orig_connects":["*"],"orig_excludes":[],"orig_includes":["*://*javlibrary.com/*","*://*javlib.com/*","*://*.y62x.com/*","*://*javbus.com/*","*://www.*bus*/*","*://www.*javsee*/*","*://www.*seejav*/*","*://*onejav.com/*","*://*avsox.*/*","*://*jav321.com/video/*","*://*javdb*.com/*","*://*javstore.*/*","*://*avmoo.*/*","://tellme.pw/avmoo","*://115.com/*","*://*.quark.cn/list*","*://www.*dmm*/*"],"orig_matches":[],"orig_noframes":null,"orig_run_at":"document-idle","use_blockers":[],"use_connects":["btsow.bar","javstore.net","blogjav.net"],"use_excludes":[],"use_includes":[],"use_matches":[]},"run_at":null,"sandbox":null,"tab_types":null,"unwrap":null,"user_modified":null},"settings":{"enabled":true,"position":3},"meta":{"name":"JAV老司机","uuid":"28759de4-bf6c-43a3-9239-ef5e921b622f","modified":1675300579570,"file_url":"https://github.com/hobbyfang/javOldDriver/raw/master/JavOldDriver.user.js"}}