{"options":{"check_for_updates":true,"comment":null,"compat_foreach":false,"compat_metadata":false,"compat_powerful_this":null,"compat_prototypes":false,"compat_wrappedjsobject":false,"compatopts_for_requires":true,"noframes":null,"override":{"merge_connects":true,"merge_excludes":true,"merge_includes":true,"merge_matches":true,"orig_connects":["dx.yogajx.com","i.yogajx.com","p.yogajx.com","i.hamreus.com","dx.hamreus.com","p.szhkshop.com","pic.fxdm.cc","us.hamreus.com","static.7jfb.cn","eu.hamreus.com","*"],"orig_excludes":[],"orig_includes":[],"orig_matches":["https://*.manhuagui.com/comic/*","https://*.mhgui.com/comic/*","http://*.omanhua.com/comic/*","http://*.omanhua.net/comic/*"],"orig_noframes":null,"orig_run_at":"document-end","use_blockers":[],"use_connects":["hamreus.com"],"use_excludes":[],"use_includes":[],"use_matches":[]},"run_at":null,"tab_types":null,"unwrap":null,"user_modified":null},"settings":{"enabled":true,"position":4},"meta":{"name":"mhgui & omanhua Downloader 仙尊 漫画柜、哦漫画 下载器","uuid":"a35515b0-49d2-477d-9a47-6e6fe96c203d","modified":1614561295594,"file_url":"https://greasyfork.org/scripts/28410-mhgui-omanhua-downloader-%E4%BB%99%E5%B0%8A-%E6%BC%AB%E7%94%BB%E6%9F%9C-%E5%93%A6%E6%BC%AB%E7%94%BB-%E4%B8%8B%E8%BD%BD%E5%99%A8/code/mhgui%20%20omanhua%20Downloader%20%E4%BB%99%E5%B0%8A%20%E6%BC%AB%E7%94%BB%E6%9F%9C%E3%80%81%E5%93%A6%E6%BC%AB%E7%94%BB%20%E4%B8%8B%E8%BD%BD%E5%99%A8.user.js"}}