{"options":{"check_for_updates":true,"comment":null,"compat_foreach":false,"compat_metadata":false,"compat_powerful_this":null,"compat_wrappedjsobject":false,"compatopts_for_requires":true,"noframes":null,"override":{"merge_connects":true,"merge_excludes":true,"merge_includes":true,"merge_matches":true,"orig_connects":["pics.dmm.co.jp","jp.netcdn.space"],"orig_excludes":["https://7mm*/*/*search/*/*/1.html","https://aa*.com/*/*search/*/*/1.html","https://maa18*.com/zh/*/1.html","https://maa18*.com/zh/*/all/*-*-*.html","https://maa18*.com/zh/*/all/index.html","https://maa18*.com/zh/*/list/index.html","*://javdb*.com/actors/*?sort_type=*&vft=*","*://javdb*.com/actors/*?page=*&sort_type=*&vft=*","*://javdb*.com/actors/*?page=*&sort_type=*&t=*","*://javdb*.com/actors/*?t=*&sort_type=*","*://onejav.com/search/*","*://javmenu.com/*/search?wd=*-*","*://javmenu.com/*/search?wd=*_*","/^https?:\\/\\/javmenu.com\\/(?:zh-Hant|zh|en|ja|ko|de|es|fr|ru).*$\\/FC2","/^https?:\\/\\/javmenu.com\\/(?:zh-Hant|zh|en|ja|ko|de|es|fr|ru).*$\\/censored","/^https?:\\/\\/javmenu.com\\/(?:zh-Hant|zh|en|ja|ko|de|es|fr|ru).*$\\/uncensored","/^https?:\\/\\/javmenu.com\\/(?:zh-Hant|zh|en|ja|ko|de|es|fr|ru).*$\\/western","/^https?:\\/\\/(?:[A-Za-z0-9]+\\.)*(?:javbus|busjav|busfan|fanbus|buscdn|cdnbus|dmmsee|seedmm|busdmm|dmmbus|javsee|seejav){1}(?:\\.[A-Za-z0-9]+)?\\/(?:forum|actresses|uncensored|genre|series|studio|page){1,}\\/?\\S*$/","https://javcv.com/search*","https://*.jd.com/*"],"orig_includes":["*://*.141jav.com/*","*://*.141ppv.com/*","*://*.g64w.com/*","*://*.u65w.com/*","*://*.h68g.com/*","*://*.c70j.com/*","*://*.f61m.com/*","*://*.g60y.com/*","*://*.jav321.com/*","*://*.javlib.com/*","*://*.javlibrary.com/*","*://*.n53i.com/*","*://*.onejav.com/*","*://*/cn/?v=jav*","*://*/en/?v=jav*","*://*/ja/?v=jav*","*://*/jp.page/movie?id=*","*://*/tw/?v=jav*","*://*/tw/movie/jav*","*://*/web/video?id=*","*://7mm*.*/*","*://aa1141.com/*","*://aa1142.com/*","*://18h.tv/*","*://a2a*/*","*://maa18*.com/*/chinese_content/*/*.html","*://maa18*.com/*/uncensored_content/*/*.html","*://9sex.tv/web/video?id=*","*://9sex.tv/web/skip/video?id=*","*://*/web/search?page=1&keyWord=*","*://airav*/*/playon.aspx*","*://freejavbt.com/*","*://freejavbt.xyz/*","*://hpav.tv/*","*://hpjav.tv/*","*://hdouban.com/moviedetail/*","*://byym21.com/moviedetail/*","*://jable.tv/*","*://jav.place/video/*","*://javbooks.com/content*censored/*.htm","*://javbooks.com/serch*","*://javmenu.com/*/*","*://jav-for.me/*.html","*://jav-for.me/?do=search*","*://www.mgstage.com/search*","*://onejav.com/torrent/*","*://paycalling.com/web/video?id=*","*://sextb.net/*","*://www.jav321.com/video/*","/^.*(avmoo|avsox)\\..*$/","*://javdb*.com/v/*","*://javdb*.com/search?q=*","*://javdb*.com/actors/*","/^.*(jav|bus|dmm|see|cdn|fan){2}\\..*$/","/^.*(hdouban)[0-9]*\\..*$/"],"orig_matches":["*://maa18*.com/*/fc_search/all/*/1.html","*://*.141jav.com/*","*://*.141ppv.com/*","*://*.f61m.com/*","*://*.g60y.com/*","*://*.jav321.com/*","*://*.javlibrary.com/*","*://*.n53i.com/*","*://*.onejav.com/*","*://*/cn/?v=jav*","*://*/en/?v=jav*","*://*/ja/?v=jav*","*://*/jp.page/movie?id=*","*://*/tw/?v=jav*","*://*/tw/movie/jav*","*://*/web/video?id=*","*://*javlib.com/*","*://7mm*.*/*","*://9sex.tv/web/video?id=*","*://9sex.tv/web/skip/video?id=*","*://airav*/*/playon.aspx*","*://airav.fun/*/playon.aspx*","*://airav.fun/*/playon.aspx?hid=*","*://avmoo.cfd/*/movie/*","*://avsox.click/*/movie/*","*://db.msin.jp/jp.page/movie?id=*","*://db.msin.jp/page/movie?id=*","*://freejavbt.com/*","*://freejavbt.xyz/*","*://hpav.tv/*","*://hpjav.tv/*","*://hpjav.tv/ja/*","*://hdouban.com/moviedetail/*","*://byym21.com/moviedetail/*","*://jable.tv/*","*://jable.tv/videos/*","*://jav.place/video/*","*://jav.place/en/video/*","*://jav4.land/*/movie/jav*.html","*://jav4.dog/*/movie/jav*.html","*://javbooks.com/content*censored/*.htm","*://jmvbt.com/content*censored/*.htm","*://*.com/content*censored/*.htm","https://www.sehuatang.net/thread-*","https://www.sehuatang.net/forum.php?mod=viewthread&tid=*","https://*/thread-*","https://*/forum.php?mod=viewthread&tid=*","https://www.javhoo.org/av/*","https://www.javhoo.org/search/*","*://javdb*.com/v/*","*://javdb*.com/search?q=*","*://javmenu.com/*/*","*://jav-for.me/*.html","*://onejav.com/torrent/*","*://paycalling.com/web/video?id=*","*://sextb.net/*","*://*.airav.wiki/video/*","*://www.141jav.com/torrent/*","*://www.buscdn.*/*","*://www.busdmm.*/*","*://www.busjav.*/*","*://www.cdnbus.*/*","*://www.jav321.com/video/*","*://www.javbus.com/*","*://www.javbus.*/*","*://www.javsee.*/*","*://www.seejav.*/*","*://fh.fanhaoben.bar/*/rsearch/?query=*","*://*/Search?s=*","*://projectjav.com/?searchTerm=*","*://www.r18.com/common/search/searchword=*","*://*.javfun.me/search/*","*://bejav.net/search/*","*://javhd.today/search/video/?s=*","*://javabc.com/search/*","*://svjav.com/search/*","*://*/search*","*://*/?s=*","*://*/*/main/search*","*://*/thread-*-1-*.html","*://javstore.net/*-pn.html","*://btsow.*/magnet/detail/hash/*","*://www.sexbartv.info/*","*://xslist.org/*/model/*.html","*://*/forum*","*://javcv.com/movie/*","*://javcv.com/fc2/movie/*"],"orig_noframes":null,"orig_run_at":"document-end","use_blockers":[],"use_connects":[],"use_excludes":["/^[^:/#?]*:\\/\\/([^#?/]*\\.)?btsow\\.motorcycles(:[0-9]{1,5})?\\/.*$/"],"use_includes":[],"use_matches":[]},"run_at":null,"sandbox":null,"tab_types":null,"unwrap":null,"user_modified":null},"settings":{"enabled":false,"position":18},"meta":{"name":"OneJAVOneWeb list","uuid":"2c767e45-9139-4b17-9895-7ac9116216bc","modified":1715226743562,"file_url":"https://update.sleazyfork.org/scripts/449158/OneJAVOneWeb%20list.user.js"}}