{"options":{"check_for_updates":true,"comment":null,"compat_foreach":false,"compat_metadata":false,"compat_powerful_this":null,"compat_wrappedjsobject":false,"compatopts_for_requires":true,"noframes":null,"override":{"merge_connects":true,"merge_excludes":true,"merge_includes":true,"merge_matches":true,"orig_connects":[],"orig_excludes":["https://mp.weixin.qq.com/cgi-bin/*"],"orig_includes":[],"orig_matches":["http*://c.pc.qq.com/*","http*://iphone.myzaker.com/zaker/link.php?*","http*://link.zhihu.com/?*","http*://t.cn/*","http*://www.360doc.cn/outlink.html?url=*","http://redir.yy.duowan.com/warning.php?url=*","http://www.360doc.com/content/*","https://afdian.com/link?target=*","https://afdian.net/link?target=*","https://bbs.acgrip.com/*","https://bbs.nga.cn/read.php?*","https://blog.51cto.com/transfer?*","https://blzxteam.com/gowild.htm?url=*","https://cloud.tencent.com/developer/tools/blog-entry?target=*","https://developers.weixin.qq.com/community/middlepage/href?href=*","https://docs.qq.com/scenario/link.html?u=*","https://docs.qq.com/scenario/link.html?url=*","https://game.bilibili.com/linkfilter/?url=*","https://gitee.com/link?target=*","https://hd.nowcoder.com/link.html?target=*","https://jump2.bdimg.com/safecheck/index?url=*","https://leetcode.cn/link/?target=*","https://link.csdn.net/?target=*","https://link.juejin.cn/?target=*","https://link.ld246.com/forward?goto=*","https://link.logonews.cn/?*","https://link.uisdc.com/?redirect=*","https://mail.qq.com/cgi-bin/readtemplate*","https://mp.weixin.qq.com/s/*","https://mp.weixin.qq.com/s?*","https://nga.178.com/read.php?*","https://ref.gamer.com.tw/redir.php/url=*","https://shimo.im/outlink/black?url=*","https://shimo.im/outlink/gray?url=*","https://sspai.com/link?target=*","https://steamcommunity.com/linkfilter/?url=*","https://steamcommunity.com/linkfilter/?u=*","https://t.me/iv?url=*","https://tieba.baidu.com/mo/q/checkurl?url=*","https://weibo.cn/sinaurl?*","https://weixin110.qq.com/cgi-bin/mmspamsupport-bin/newredirectconfirmcgi*","https://www.bookmarkearth.com/view/*","https://www.chinaz.com/go.shtml?url=*","https://www.coolapk.com/link?url=*","https://www.curseforge.com/linkout?remoteUrl=*","https://www.douban.com/link2/?url=*","https://www.instagram.com/linkshim/?u=*","https://www.jianshu.com/go-wild?*","https://www.kookapp.cn/go-wild.html?url=*","https://www.linkedin.com/safety/go?url=*","https://www.luogu.com.cn/discuss/*","https://www.luogu.com.cn/paste/*","https://www.mcbbs.net/plugin.php?id=link_redirect&target=*","https://www.nodeseek.com/jump?to=*","https://www.oschina.net/action/GoToLink?url=*","https://www.pixiv.net/jump.php?*","https://www.qcc.com/web/transfer-link?link=*","https://www.tianyancha.com/security?target=*","https://www.yuque.com/r/goto?url=*","https://*.infoq.cn/link?target=*","https://www.baike.com/redirect_link?url=*","https://www.youtube.com/redirect?*"],"orig_noframes":null,"orig_run_at":"document-idle","use_blockers":[],"use_connects":[],"use_excludes":[],"use_includes":[],"use_matches":[]},"run_at":null,"sandbox":null,"tab_types":null,"unwrap":null,"user_modified":null},"settings":{"enabled":true,"position":11},"meta":{"name":"Open the F**king URL Right Now","uuid":"ea318012-0c05-4b8e-ac0b-a8924a723261","modified":1724817404062,"file_url":"https://update.greasyfork.org/scripts/412612/Open%20the%20F%2A%2Aking%20URL%20Right%20Now.user.js"}}