{"configMode":100,"downloads_extension_whitelist":["/^[^\\.]*$/","/\\.mp[34]$/",".wav","/\\.(avi|mkv|flv|divx|mpe?g|webm)$/","/\\.(ico|gif|png|jpe?g)/","/\\.(srt|sub|idx)$/",".txt",".iso",".zip","/\\.r(ar|[0-9]{2,2})$/",".webp"],"downloads_mode":"chrome","enabled":true,"scriptUpdateCheckDisabled":true,"script_blacklist_server":[{"rules":["/https?:\\/\\/userscripts\\.org\\/scripts\\/(source|version)/(102614).*\\.user\\.js/"],"severity":2},{"name":"SaveFrom.net helper","reason":"Shows advertisements","rules":["/https?:\\/\\/sf-addon\\.com\\/.*\\/.*\\.user\\.js/","/https?:\\/\\/.*\\.sf-helper\\.com\\/.*\\.user\\.js/"],"severity":3},{"reasons":{"en":"Used for a phishing compain to compromise users of baon-nutrition.com"},"rules":["/https?:\\/\\/files\\.ulysse\\.travel\\/.*\\.user\\.js/"],"severity":8}],"statistics_enabled":false}