{"options":{"check_for_updates":true,"comment":null,"compat_foreach":false,"compat_metadata":false,"compat_powerful_this":null,"compat_wrappedjsobject":false,"compatopts_for_requires":true,"noframes":null,"override":{"merge_connects":true,"merge_excludes":true,"merge_includes":true,"merge_matches":true,"orig_connects":[],"orig_excludes":[],"orig_includes":[],"orig_matches":["https://item.jd.com/*"],"orig_noframes":null,"orig_run_at":"document-idle","use_blockers":[],"use_connects":[],"use_excludes":[],"use_includes":[],"use_matches":[]},"run_at":null,"sandbox":null,"tab_types":null,"unwrap":null,"user_modified":null},"settings":{"enabled":true,"position":16},"meta":{"name":"京东商品参数对比工具","uuid":"ab3918d0-9c55-41f3-9884-fabc8c29d8e1","modified":1725509309964,"file_url":"https://update.greasyfork.org/scripts/486915/%E4%BA%AC%E4%B8%9C%E5%95%86%E5%93%81%E5%8F%82%E6%95%B0%E5%AF%B9%E6%AF%94%E5%B7%A5%E5%85%B7.user.js"}}