{"options":{"check_for_updates":true,"comment":null,"compat_foreach":false,"compat_metadata":false,"compat_powerful_this":null,"compat_wrappedjsobject":false,"compatopts_for_requires":true,"noframes":null,"override":{"merge_connects":true,"merge_excludes":true,"merge_includes":true,"merge_matches":true,"orig_connects":["*"],"orig_excludes":["*.youtube.com*","*docs.google.com*","*google*/maps/*","*mail.google.com*","*accounts.google.com*"],"orig_includes":[],"orig_matches":["*://*/*"],"orig_noframes":true,"orig_run_at":"document-idle","use_blockers":[],"use_connects":["hamreus.com"],"use_excludes":[],"use_includes":[],"use_matches":[]},"run_at":null,"sandbox":null,"tab_types":null,"unwrap":null,"user_modified":null},"settings":{"enabled":true,"position":17},"meta":{"name":"圖片全載-FancyboxV5","uuid":"e05221cf-866b-4e54-9306-857991d344fc","modified":1728871928186,"file_url":"https://update.sleazyfork.org/scripts/463305/%E5%9C%96%E7%89%87%E5%85%A8%E8%BC%89-FancyboxV5.user.js"}}