{"options":{"check_for_updates":true,"comment":null,"compat_foreach":false,"compat_metadata":false,"compat_powerful_this":null,"compat_wrappedjsobject":false,"compatopts_for_requires":true,"noframes":null,"override":{"merge_connects":true,"merge_excludes":true,"merge_includes":true,"merge_matches":true,"orig_connects":[],"orig_excludes":[],"orig_includes":[],"orig_matches":["*://*/*"],"orig_noframes":null,"orig_run_at":"document-idle","use_blockers":[],"use_connects":[],"use_excludes":[],"use_includes":[],"use_matches":[]},"run_at":null,"sandbox":null,"tab_types":null,"unwrap":null,"user_modified":null},"settings":{"enabled":false,"position":12},"meta":{"name":"恢复色彩-移除默哀网站全局灰色","uuid":"70e7a862-6054-4b6c-ade6-6e1b4003d6c0","modified":1669945994357,"file_url":"https://greasyfork.org/scripts/455667-%E6%81%A2%E5%A4%8D%E8%89%B2%E5%BD%A9-%E7%A7%BB%E9%99%A4%E9%BB%98%E5%93%80%E7%BD%91%E7%AB%99%E5%85%A8%E5%B1%80%E7%81%B0%E8%89%B2/code/%E6%81%A2%E5%A4%8D%E8%89%B2%E5%BD%A9-%E7%A7%BB%E9%99%A4%E9%BB%98%E5%93%80%E7%BD%91%E7%AB%99%E5%85%A8%E5%B1%80%E7%81%B0%E8%89%B2.user.js"}}