{"options":{"check_for_updates":true,"comment":null,"compat_foreach":false,"compat_metadata":false,"compat_powerful_this":null,"compat_wrappedjsobject":false,"compatopts_for_requires":true,"noframes":null,"override":{"merge_connects":true,"merge_excludes":true,"merge_includes":true,"merge_matches":true,"orig_connects":["userscript.xiu2.xyz","userscript.xiu2.us.kg","userscript.h233.eu.org","bitbucket.org","js.cdn.haah.net","raw.ixnic.net","raw.nuaa.cf","raw.yzuu.cf","raw.kkgithub.com","raw.incept.pw","gitdl.cn","ghproxy.cc","ghproxy.net","ghp.ci","github.moeyy.xyz","jsd.onmicrosoft.cn","gcore.jsdelivr.net","fastly.jsdelivr.net","cdn.jsdmirror.com","jsd.proxy.aks.moe","jsdelivr.pai233.top","www.xuexiniu.com","bbs.xuexiniu.com","weili.ooopic.com","www.ykmh.com"],"orig_excludes":["https://*.taobao.com/*","https://*.tmall.com/*","https://*.1688.com/*","https://*.jd.com/*","https://*.vip.com/*","https://*.suning.com/*","https://*.aliexpress.com/*","https://*.paypal.com/*","https://*.iqiyi.com/*","https://*.youku.com/*","https://m.v.qq.com/*","https://v.qq.com/*","https://*.acfun.cn/*","https://t.bilibili.com/*","https://www.bilibili.com/*","https://live.bilibili.com/*","https://space.bilibili.com/*","https://manga.bilibili.com/*","https://member.bilibili.com/*","https://message.bilibili.com/*","https://*.youtube.com/*","https://*.youtube-nocookie.com/*","https://*.cnki.net/*","https://mail.qq.com/*","https://weread.qq.com/*","https://*.weread.qq.com/*","https://www.qidian.com/chapter/*","https://bz.zzzmh.cn/*","https://wallhaven.cc/*","https://chrome.zzzmh.cn/*","https://*.guazi.com/*","https://*.liepin.com/*","https://*.58.com/*"],"orig_includes":[],"orig_matches":["*://*/*"],"orig_noframes":null,"orig_run_at":"document-end","use_blockers":[],"use_connects":["pcbeta.com"],"use_excludes":[],"use_includes":[],"use_matches":[]},"run_at":null,"sandbox":"JavaScript","tab_types":null,"unwrap":null,"user_modified":null},"settings":{"enabled":false,"position":9},"meta":{"name":"自动无缝翻页","uuid":"043421a4-d928-4748-96bb-2392922642f6","modified":1728611835158,"file_url":"https://update.greasyfork.org/scripts/419215/%E8%87%AA%E5%8A%A8%E6%97%A0%E7%BC%9D%E7%BF%BB%E9%A1%B5.user.js"}}